protein,arm,sample,seed,ca_rmsd,tm_score,ca_lddt,avg_plddt,ptm,reference,matched_residues,file,category
ubiquitin,no_msa,1,2746317213,2.5742917937179426,0.9252591264541706,0.7967867231638418,71.00330352783203,0.5841743350028992,1UBQ,76,results/ubiquitin/no_msa/sample_1_model.cif,main
ubiquitin,no_msa,2,2746317213,2.4728975510905307,0.9151490606314693,0.8031426553672316,70.55328369140625,0.5833549499511719,1UBQ,76,results/ubiquitin/no_msa/sample_2_model.cif,main
ubiquitin,no_msa,3,2746317213,0.8765515436566582,0.9567936184573318,0.9715748587570622,70.83853912353516,0.6131557822227478,1UBQ,76,results/ubiquitin/no_msa/sample_3_model.cif,main
ubiquitin,no_msa,4,2746317213,2.3767744456822033,0.9316058164836745,0.8103813559322034,71.24803924560547,0.599489688873291,1UBQ,76,results/ubiquitin/no_msa/sample_4_model.cif,main
ubiquitin,no_msa,5,2746317213,0.7356594252859401,0.9684006063782645,0.966454802259887,70.233154296875,0.6059778928756714,1UBQ,76,results/ubiquitin/no_msa/sample_5_model.cif,main
ubiquitin,query_only,1,2746317213,0.7043857516418215,0.9633307895083377,0.971045197740113,78.26505279541016,0.6602267622947693,1UBQ,76,results/ubiquitin/query_only/sample_1_model.cif,main
ubiquitin,query_only,2,2746317213,1.1029386102133578,0.9576849726089227,0.980755649717514,78.9218521118164,0.6731233596801758,1UBQ,76,results/ubiquitin/query_only/sample_2_model.cif,main
ubiquitin,query_only,3,2746317213,1.1153293961124053,0.9438503413176595,0.9678672316384181,78.77027893066406,0.6722093224525452,1UBQ,76,results/ubiquitin/query_only/sample_3_model.cif,main
ubiquitin,query_only,4,2746317213,1.3462977334535782,0.9559645512503336,0.9761652542372881,78.61848449707031,0.668933093547821,1UBQ,76,results/ubiquitin/query_only/sample_4_model.cif,main
ubiquitin,query_only,5,2746317213,0.7637686999506224,0.9693115866845731,0.9743997175141242,78.97135162353516,0.6719619631767273,1UBQ,76,results/ubiquitin/query_only/sample_5_model.cif,main
ubiquitin,natural_all,1,2746317213,1.6532479134833007,0.9485826713006347,0.9809322033898304,80.05463409423828,0.6849319338798523,1UBQ,76,results/ubiquitin/natural_all/sample_1_model.cif,main
ubiquitin,natural_all,2,2746317213,2.211002375307776,0.9406558737887005,0.972457627118644,79.45030212402344,0.6650102734565735,1UBQ,76,results/ubiquitin/natural_all/sample_2_model.cif,main
ubiquitin,natural_all,3,2746317213,0.824095057883723,0.9595165943466933,0.9774011299435028,79.66634368896484,0.6668450236320496,1UBQ,76,results/ubiquitin/natural_all/sample_3_model.cif,main
ubiquitin,natural_all,4,2746317213,1.0337179760981008,0.9498183890119279,0.979343220338983,79.82315063476562,0.6666953563690186,1UBQ,76,results/ubiquitin/natural_all/sample_4_model.cif,main
ubiquitin,natural_all,5,2746317213,0.7536879449316138,0.9693328243522787,0.9823446327683616,80.1546630859375,0.6744635701179504,1UBQ,76,results/ubiquitin/natural_all/sample_5_model.cif,main
ubiquitin,natural_50,1,2746317213,0.7386058698772708,0.9653596616473711,0.974752824858757,78.69960021972656,0.6687995791435242,1UBQ,76,results/ubiquitin/natural_50/sample_1_model.cif,main
ubiquitin,natural_50,2,2746317213,1.1457325174341655,0.9612124277144085,0.9837570621468926,79.275634765625,0.6778530478477478,1UBQ,76,results/ubiquitin/natural_50/sample_2_model.cif,main
ubiquitin,natural_50,3,2746317213,1.1529254406136835,0.9396626420801234,0.9629237288135594,78.9326400756836,0.6716303825378418,1UBQ,76,results/ubiquitin/natural_50/sample_3_model.cif,main
ubiquitin,natural_50,4,2746317213,1.3369593265127198,0.9575596791771949,0.9775776836158192,79.10054016113281,0.6765048503875732,1UBQ,76,results/ubiquitin/natural_50/sample_4_model.cif,main
ubiquitin,natural_50,5,2746317213,0.8206014310615325,0.9683778403316133,0.9735169491525424,79.00455474853516,0.6723671555519104,1UBQ,76,results/ubiquitin/natural_50/sample_5_model.cif,main
ubiquitin,synthetic_40,1,2746317213,0.6501949738663596,0.965833615604582,0.9712217514124294,78.4857406616211,0.670753002166748,1UBQ,76,results/ubiquitin/synthetic_40/sample_1_model.cif,main
ubiquitin,synthetic_40,2,2746317213,1.130084403731308,0.9574146006730979,0.9800494350282486,79.18360900878906,0.6839402914047241,1UBQ,76,results/ubiquitin/synthetic_40/sample_2_model.cif,main
ubiquitin,synthetic_40,3,2746317213,1.0402238969826239,0.9473612077947517,0.970162429378531,79.04430389404297,0.6842010617256165,1UBQ,76,results/ubiquitin/synthetic_40/sample_3_model.cif,main
ubiquitin,synthetic_40,4,2746317213,1.3363871535855334,0.9535640569733482,0.9758121468926554,78.8301773071289,0.6796934008598328,1UBQ,76,results/ubiquitin/synthetic_40/sample_4_model.cif,main
ubiquitin,synthetic_40,5,2746317213,0.8196057335120622,0.9708442805002142,0.9752824858757062,79.23567199707031,0.6813909411430359,1UBQ,76,results/ubiquitin/synthetic_40/sample_5_model.cif,main
ubiquitin,synthetic_60,1,2746317213,0.6644370373952898,0.9650999507026488,0.9715748587570622,79.02899169921875,0.6746271252632141,1UBQ,76,results/ubiquitin/synthetic_60/sample_1_model.cif,main
ubiquitin,synthetic_60,2,2746317213,1.2019427313592155,0.9581943664598506,0.9800494350282486,80.1052017211914,0.6960178017616272,1UBQ,76,results/ubiquitin/synthetic_60/sample_2_model.cif,main
ubiquitin,synthetic_60,3,2746317213,1.21330723416973,0.9567385627621383,0.9758121468926553,80.32324981689453,0.7014404535293579,1UBQ,76,results/ubiquitin/synthetic_60/sample_3_model.cif,main
ubiquitin,synthetic_60,4,2746317213,1.3417185821372766,0.9556452353925483,0.977930790960452,79.84602355957031,0.6899476051330566,1UBQ,76,results/ubiquitin/synthetic_60/sample_4_model.cif,main
ubiquitin,synthetic_60,5,2746317213,0.7926381862315269,0.9714503407760626,0.976518361581921,79.74494171142578,0.6878629922866821,1UBQ,76,results/ubiquitin/synthetic_60/sample_5_model.cif,main
myoglobin,no_msa,1,2746317213,12.797126059715255,0.3393105628851249,0.4266352386564526,43.43342971801758,0.2658417820930481,1MBN,153,results/myoglobin/no_msa/sample_1_model.cif,main
myoglobin,no_msa,2,2746317213,14.448023089343174,0.3683068505137413,0.4096935769004125,44.43208694458008,0.27540868520736694,1MBN,153,results/myoglobin/no_msa/sample_2_model.cif,main
myoglobin,no_msa,3,2746317213,12.615216365737407,0.333390607994348,0.40593694755450793,44.947853088378906,0.279536634683609,1MBN,153,results/myoglobin/no_msa/sample_3_model.cif,main
myoglobin,no_msa,4,2746317213,14.66180275992645,0.3538289531521396,0.39518267530936946,44.8969841003418,0.2935207486152649,1MBN,153,results/myoglobin/no_msa/sample_4_model.cif,main
myoglobin,no_msa,5,2746317213,13.615662640254847,0.3224686124437547,0.3998232174425457,46.10639572143555,0.2869313955307007,1MBN,153,results/myoglobin/no_msa/sample_5_model.cif,main
myoglobin,query_only,1,2746317213,14.90546115121438,0.3387924551693543,0.4166175604007071,42.27685546875,0.2496788203716278,1MBN,153,results/myoglobin/query_only/sample_1_model.cif,main
myoglobin,query_only,2,2746317213,16.375497597685573,0.4739067665291192,0.4368738951090159,42.3407096862793,0.2537097930908203,1MBN,153,results/myoglobin/query_only/sample_2_model.cif,main
myoglobin,query_only,3,2746317213,13.818903987879816,0.4198820464722807,0.4257513258691809,42.6702995300293,0.2482052445411682,1MBN,153,results/myoglobin/query_only/sample_3_model.cif,main
myoglobin,query_only,4,2746317213,16.676590019162887,0.3350202200560132,0.42125810253388335,41.68722152709961,0.22998973727226257,1MBN,153,results/myoglobin/query_only/sample_4_model.cif,main
myoglobin,query_only,5,2746317213,8.30518276827274,0.5533685238870466,0.5083235120801414,40.7559928894043,0.2522842288017273,1MBN,153,results/myoglobin/query_only/sample_5_model.cif,main
myoglobin,natural_all,1,2746317213,0.7370418844115001,0.9793764793522339,0.9424720094284029,90.946044921875,0.8871322274208069,1MBN,153,results/myoglobin/natural_all/sample_1_model.cif,main
myoglobin,natural_all,2,2746317213,0.8325937932255271,0.9734211103803294,0.9331909251620507,91.64973449707031,0.8966203927993774,1MBN,153,results/myoglobin/natural_all/sample_2_model.cif,main
myoglobin,natural_all,3,2746317213,0.76012111086609,0.978373003890397,0.9378314672952268,90.83301544189453,0.8851643204689026,1MBN,153,results/myoglobin/natural_all/sample_3_model.cif,main
myoglobin,natural_all,4,2746317213,0.834844294141753,0.973415566450324,0.9342221567472009,91.3715591430664,0.8911658525466919,1MBN,153,results/myoglobin/natural_all/sample_4_model.cif,main
myoglobin,natural_all,5,2746317213,0.7984463010094218,0.9754617743967937,0.9369475545079552,91.52740478515625,0.8953763842582703,1MBN,153,results/myoglobin/natural_all/sample_5_model.cif,main
myoglobin,natural_50,1,2746317213,0.7102376853265623,0.9809422449643485,0.9484384207424867,91.15548706054688,0.8900623321533203,1MBN,153,results/myoglobin/natural_50/sample_1_model.cif,main
myoglobin,natural_50,2,2746317213,0.8151738508973554,0.9748275439373927,0.9379051266941663,90.70604705810547,0.8845111131668091,1MBN,153,results/myoglobin/natural_50/sample_2_model.cif,main
myoglobin,natural_50,3,2746317213,0.7261088403855946,0.9800389658858544,0.9443134944018856,91.04786682128906,0.8879797458648682,1MBN,153,results/myoglobin/natural_50/sample_3_model.cif,main
myoglobin,natural_50,4,2746317213,0.7763220269132352,0.9775186348691264,0.9442398350029463,91.43245697021484,0.8923661112785339,1MBN,153,results/myoglobin/natural_50/sample_4_model.cif,main
myoglobin,natural_50,5,2746317213,0.761379486927137,0.978136645930621,0.9457866823806718,91.05309295654297,0.8885728716850281,1MBN,153,results/myoglobin/natural_50/sample_5_model.cif,main
myoglobin,synthetic_40,1,2746317213,0.7224548755158464,0.9790333932861851,0.9412197996464349,85.64044189453125,0.8214995265007019,1MBN,153,results/myoglobin/synthetic_40/sample_1_model.cif,main
myoglobin,synthetic_40,2,2746317213,1.4306372327451198,0.9230533384003738,0.906673541543901,87.5583267211914,0.8418454527854919,1MBN,153,results/myoglobin/synthetic_40/sample_2_model.cif,main
myoglobin,synthetic_40,3,2746317213,0.7278436466688164,0.9793683843342486,0.9384207424867415,85.6174545288086,0.819621741771698,1MBN,153,results/myoglobin/synthetic_40/sample_3_model.cif,main
myoglobin,synthetic_40,4,2746317213,0.9387746567055879,0.9654315109619589,0.9323806717737183,86.50535583496094,0.8287678360939026,1MBN,153,results/myoglobin/synthetic_40/sample_4_model.cif,main
myoglobin,synthetic_40,5,2746317213,0.9890042364734046,0.9613498200848601,0.9270035356511491,86.37593841552734,0.8285043239593506,1MBN,153,results/myoglobin/synthetic_40/sample_5_model.cif,main
myoglobin,synthetic_60,1,2746317213,0.7513062411379491,0.9782525167576333,0.9389363582793164,86.6236572265625,0.8217943906784058,1MBN,153,results/myoglobin/synthetic_60/sample_1_model.cif,main
myoglobin,synthetic_60,2,2746317213,0.8237717192453354,0.9746541554879549,0.9387153800824984,87.047607421875,0.8275260329246521,1MBN,153,results/myoglobin/synthetic_60/sample_2_model.cif,main
myoglobin,synthetic_60,3,2746317213,0.7542291790144022,0.9788670508915943,0.9394519740718915,86.83240509033203,0.8257216215133667,1MBN,153,results/myoglobin/synthetic_60/sample_3_model.cif,main
myoglobin,synthetic_60,4,2746317213,0.7566866059377668,0.9779176010283246,0.9393783146729523,86.75792694091797,0.8242782950401306,1MBN,153,results/myoglobin/synthetic_60/sample_4_model.cif,main
myoglobin,synthetic_60,5,2746317213,0.8037274636727683,0.9751859682577438,0.936652916912198,86.93785858154297,0.8256073594093323,1MBN,153,results/myoglobin/synthetic_60/sample_5_model.cif,main
lysozyme,no_msa,1,2746317213,16.5032439587418,0.2477642939446713,0.24524524524524527,32.8980598449707,0.15740559995174408,1LYZ,129,results/lysozyme/no_msa/sample_1_model.cif,main
lysozyme,no_msa,2,2746317213,16.097801080419433,0.295022706710513,0.26476476476476474,31.743375778198242,0.16528424620628357,1LYZ,129,results/lysozyme/no_msa/sample_2_model.cif,main
lysozyme,no_msa,3,2746317213,14.03663406072188,0.37629559263813694,0.2976309642976309,31.443557739257812,0.15012282133102417,1LYZ,129,results/lysozyme/no_msa/sample_3_model.cif,main
lysozyme,no_msa,4,2746317213,13.374503121849784,0.32575307408481285,0.3370036703370037,31.416933059692383,0.16800229251384735,1LYZ,129,results/lysozyme/no_msa/sample_4_model.cif,main
lysozyme,no_msa,5,2746317213,17.056315214199056,0.3104597832757222,0.2664330997664331,32.06391525268555,0.1637401133775711,1LYZ,129,results/lysozyme/no_msa/sample_5_model.cif,main
lysozyme,query_only,1,2746317213,14.055018369354013,0.33679036864029127,0.35960960960960964,37.11899185180664,0.21320925652980804,1LYZ,129,results/lysozyme/query_only/sample_1_model.cif,main
lysozyme,query_only,2,2746317213,12.198053050455758,0.36972484383057824,0.36961961961961964,36.759674072265625,0.20690365135669708,1LYZ,129,results/lysozyme/query_only/sample_2_model.cif,main
lysozyme,query_only,3,2746317213,15.251301933969515,0.37170093370948987,0.3584417751084418,36.98155975341797,0.2017299383878708,1LYZ,129,results/lysozyme/query_only/sample_3_model.cif,main
lysozyme,query_only,4,2746317213,14.67966609983402,0.3038612828987424,0.36394728061394727,37.92361068725586,0.21976371109485626,1LYZ,129,results/lysozyme/query_only/sample_4_model.cif,main
lysozyme,query_only,5,2746317213,13.106682495540989,0.32071149434691687,0.3702035368702035,37.22859191894531,0.20452117919921875,1LYZ,129,results/lysozyme/query_only/sample_5_model.cif,main
lysozyme,natural_all,1,2746317213,0.5305959552410867,0.9849220109399817,0.9604604604604605,92.93783569335938,0.9068862795829773,1LYZ,129,results/lysozyme/natural_all/sample_1_model.cif,main
lysozyme,natural_all,2,2746317213,0.4963880779422383,0.9867066817680518,0.9595428762095428,93.19264221191406,0.9103833436965942,1LYZ,129,results/lysozyme/natural_all/sample_2_model.cif,main
lysozyme,natural_all,3,2746317213,0.4842734595288696,0.9872296240792188,0.9620453787120453,93.1183090209961,0.9081699252128601,1LYZ,129,results/lysozyme/natural_all/sample_3_model.cif,main
lysozyme,natural_all,4,2746317213,0.5151398292262197,0.9856671455986127,0.9590423757090424,93.00289154052734,0.9063873291015625,1LYZ,129,results/lysozyme/natural_all/sample_4_model.cif,main
lysozyme,natural_all,5,2746317213,0.5065829008518391,0.9860975662854436,0.9607941274607941,93.11053466796875,0.9090052843093872,1LYZ,129,results/lysozyme/natural_all/sample_5_model.cif,main
lysozyme,natural_50,1,2746317213,0.5199658085604723,0.9854902004356921,0.9600433767100434,93.10812377929688,0.9095102548599243,1LYZ,129,results/lysozyme/natural_50/sample_1_model.cif,main
lysozyme,natural_50,2,2746317213,0.5314666427870259,0.9851796910364635,0.958958958958959,93.14988708496094,0.9099835753440857,1LYZ,129,results/lysozyme/natural_50/sample_2_model.cif,main
lysozyme,natural_50,3,2746317213,0.5140722885648894,0.9858590089492127,0.9619619619619619,92.8123550415039,0.9049803614616394,1LYZ,129,results/lysozyme/natural_50/sample_3_model.cif,main
lysozyme,natural_50,4,2746317213,0.5375697389839453,0.9844960690242297,0.9592926259592927,92.90934753417969,0.9066788554191589,1LYZ,129,results/lysozyme/natural_50/sample_4_model.cif,main
lysozyme,natural_50,5,2746317213,0.500854022433668,0.9865015306602137,0.9618785452118785,93.0785903930664,0.9089283347129822,1LYZ,129,results/lysozyme/natural_50/sample_5_model.cif,main
lysozyme,synthetic_40,1,2746317213,6.970839012910706,0.6344274881539904,0.6097764431097764,62.35124969482422,0.594504714012146,1LYZ,129,results/lysozyme/synthetic_40/sample_1_model.cif,main
lysozyme,synthetic_40,2,2746317213,7.6441442937785355,0.6528440616570632,0.6104437771104438,62.95684051513672,0.5944082736968994,1LYZ,129,results/lysozyme/synthetic_40/sample_2_model.cif,main
lysozyme,synthetic_40,3,2746317213,7.852816055442189,0.6673240240438129,0.6065231898565231,63.18143844604492,0.5989053249359131,1LYZ,129,results/lysozyme/synthetic_40/sample_3_model.cif,main
lysozyme,synthetic_40,4,2746317213,7.63525667129127,0.6727654161396232,0.6314647981314648,63.814491271972656,0.601794421672821,1LYZ,129,results/lysozyme/synthetic_40/sample_4_model.cif,main
lysozyme,synthetic_40,5,2746317213,7.76564421427938,0.6744856260825034,0.6317984651317985,64.8943862915039,0.6128643155097961,1LYZ,129,results/lysozyme/synthetic_40/sample_5_model.cif,main
lysozyme,synthetic_60,1,2746317213,7.500136204471485,0.7247505706718567,0.684351017684351,68.54923248291016,0.6792355179786682,1LYZ,129,results/lysozyme/synthetic_60/sample_1_model.cif,main
lysozyme,synthetic_60,2,2746317213,7.297089056967826,0.7358949650986305,0.684934934934935,68.78804779052734,0.6775168180465698,1LYZ,129,results/lysozyme/synthetic_60/sample_2_model.cif,main
lysozyme,synthetic_60,3,2746317213,7.396725902412595,0.7225722657690409,0.6746746746746747,71.90455627441406,0.7166810631752014,1LYZ,129,results/lysozyme/synthetic_60/sample_3_model.cif,main
lysozyme,synthetic_60,4,2746317213,7.482360076057688,0.7375520573990588,0.6920253586920254,68.66387939453125,0.6752732992172241,1LYZ,129,results/lysozyme/synthetic_60/sample_4_model.cif,main
lysozyme,synthetic_60,5,2746317213,7.539480872716551,0.7271724977412829,0.6672505839172506,71.01702117919922,0.7017877697944641,1LYZ,129,results/lysozyme/synthetic_60/sample_5_model.cif,main
ci2,no_msa,1,2746317213,8.526678495263408,0.4690394919629178,0.43127147766323026,49.47699737548828,0.32184576988220215,2CI2,65,results/ci2/no_msa/sample_1_model.cif,main
ci2,no_msa,2,2746317213,10.120255096640387,0.48998315954473204,0.4422250859106529,49.44420623779297,0.33109191060066223,2CI2,65,results/ci2/no_msa/sample_2_model.cif,main
ci2,no_msa,3,2746317213,9.305061606344319,0.45073384645211323,0.43041237113402064,46.85664367675781,0.30362144112586975,2CI2,65,results/ci2/no_msa/sample_3_model.cif,main
ci2,no_msa,4,2746317213,7.933138492032206,0.49472087780332286,0.446520618556701,49.9711799621582,0.33101165294647217,2CI2,65,results/ci2/no_msa/sample_4_model.cif,main
ci2,no_msa,5,2746317213,7.527189334086606,0.5146487844214969,0.4742268041237113,50.22946548461914,0.3317042291164398,2CI2,65,results/ci2/no_msa/sample_5_model.cif,main
ci2,query_only,1,2746317213,6.413760497358108,0.4600275017058908,0.4778780068728522,52.303043365478516,0.37099403142929077,2CI2,65,results/ci2/query_only/sample_1_model.cif,main
ci2,query_only,2,2746317213,7.088117042953948,0.4697344638615183,0.4606958762886598,51.21615982055664,0.3615618348121643,2CI2,65,results/ci2/query_only/sample_2_model.cif,main
ci2,query_only,3,2746317213,6.973830316429757,0.4906356942355104,0.45425257731958757,52.827728271484375,0.3692026436328888,2CI2,65,results/ci2/query_only/sample_3_model.cif,main
ci2,query_only,4,2746317213,5.640435561566245,0.5229587197905364,0.51696735395189,55.607418060302734,0.39485469460487366,2CI2,65,results/ci2/query_only/sample_4_model.cif,main
ci2,query_only,5,2746317213,6.9374573218962805,0.5588670290086991,0.5558419243986255,52.64748001098633,0.3783758580684662,2CI2,65,results/ci2/query_only/sample_5_model.cif,main
ci2,natural_all,1,2746317213,0.5094499650660396,0.9704763740270909,0.988831615120275,80.70028686523438,0.6345575451850891,2CI2,65,results/ci2/natural_all/sample_1_model.cif,main
ci2,natural_all,2,2746317213,0.549701987536843,0.965737994400939,0.9813144329896908,80.69971466064453,0.6319441795349121,2CI2,65,results/ci2/natural_all/sample_2_model.cif,main
ci2,natural_all,3,2746317213,0.439997141005624,0.9766321724479667,0.9862542955326461,80.6988525390625,0.6342523694038391,2CI2,65,results/ci2/natural_all/sample_3_model.cif,main
ci2,natural_all,4,2746317213,0.45995675157463345,0.9745231504603056,0.9806701030927836,80.37295532226562,0.6307930946350098,2CI2,65,results/ci2/natural_all/sample_4_model.cif,main
ci2,natural_all,5,2746317213,0.42284470838375704,0.978662332384602,0.9866838487972509,80.38058471679688,0.6292071342468262,2CI2,65,results/ci2/natural_all/sample_5_model.cif,main
ci2,natural_50,1,2746317213,0.4560033234510232,0.9755654221250166,0.9843213058419245,81.4605941772461,0.6540148258209229,2CI2,65,results/ci2/natural_50/sample_1_model.cif,main
ci2,natural_50,2,2746317213,0.5610704602330926,0.9640518510907643,0.977233676975945,81.6351547241211,0.6572961807250977,2CI2,65,results/ci2/natural_50/sample_2_model.cif,main
ci2,natural_50,3,2746317213,0.8594197166862805,0.9690193683763173,0.9832474226804124,81.07977294921875,0.650558352470398,2CI2,65,results/ci2/natural_50/sample_3_model.cif,main
ci2,natural_50,4,2746317213,0.6594492453919726,0.9687242105067492,0.9780927835051547,81.78726196289062,0.6594624519348145,2CI2,65,results/ci2/natural_50/sample_4_model.cif,main
ci2,natural_50,5,2746317213,0.4580762494386086,0.9745337330110374,0.9875429553264605,81.89137268066406,0.661198079586029,2CI2,65,results/ci2/natural_50/sample_5_model.cif,main
ci2,synthetic_40,1,2746317213,0.8613503796788736,0.9479240253071831,0.9478092783505154,76.70748901367188,0.6077308654785156,2CI2,65,results/ci2/synthetic_40/sample_1_model.cif,main
ci2,synthetic_40,2,2746317213,0.597940120555615,0.9617658177864503,0.9471649484536082,77.10407257080078,0.6070037484169006,2CI2,65,results/ci2/synthetic_40/sample_2_model.cif,main
ci2,synthetic_40,3,2746317213,0.5582201673801875,0.9699533450144062,0.9686426116838488,77.38610076904297,0.6144261956214905,2CI2,65,results/ci2/synthetic_40/sample_3_model.cif,main
ci2,synthetic_40,4,2746317213,0.8354948408422028,0.9525420920417567,0.9598367697594502,75.69380950927734,0.5940120220184326,2CI2,65,results/ci2/synthetic_40/sample_4_model.cif,main
ci2,synthetic_40,5,2746317213,0.7182378523715259,0.9650059375663227,0.9626288659793815,76.2729721069336,0.5990094542503357,2CI2,65,results/ci2/synthetic_40/sample_5_model.cif,main
ci2,synthetic_60,1,2746317213,0.5782543608659734,0.9655318799684823,0.9780927835051547,77.07818603515625,0.596929669380188,2CI2,65,results/ci2/synthetic_60/sample_1_model.cif,main
ci2,synthetic_60,2,2746317213,0.7083078691236185,0.948187903476847,0.9673539518900344,77.6915283203125,0.6021533012390137,2CI2,65,results/ci2/synthetic_60/sample_2_model.cif,main
ci2,synthetic_60,3,2746317213,0.7661905345704919,0.9568383161266258,0.9817439862542955,77.53852844238281,0.6041491627693176,2CI2,65,results/ci2/synthetic_60/sample_3_model.cif,main
ci2,synthetic_60,4,2746317213,0.6424482751867656,0.9629861655572245,0.9759450171821306,77.5765380859375,0.6047136187553406,2CI2,65,results/ci2/synthetic_60/sample_4_model.cif,main
ci2,synthetic_60,5,2746317213,0.49245102219073245,0.9708457536089123,0.9864690721649485,77.85892486572266,0.6089751124382019,2CI2,65,results/ci2/synthetic_60/sample_5_model.cif,main
top7,no_msa,1,2746317213,0.9167237351356111,0.9482927716464985,0.9269454737956591,80.45643615722656,0.721773087978363,1QYS,92,results/top7/no_msa/sample_1_model.cif,main
top7,no_msa,2,2746317213,1.0509389886730327,0.9316975940247237,0.9154314452091055,80.24182891845703,0.7210742831230164,1QYS,92,results/top7/no_msa/sample_2_model.cif,main
top7,no_msa,3,2746317213,1.1215601817901026,0.9266240923059739,0.9118581259925886,80.79254913330078,0.7283546328544617,1QYS,92,results/top7/no_msa/sample_3_model.cif,main
top7,no_msa,4,2746317213,1.207423516684755,0.9079182732888217,0.9059025939650609,79.60566711425781,0.7112615704536438,1QYS,92,results/top7/no_msa/sample_4_model.cif,main
top7,no_msa,5,2746317213,0.9859075616491637,0.9430238285093576,0.9242985706723135,80.1960220336914,0.7176113128662109,1QYS,92,results/top7/no_msa/sample_5_model.cif,main
top7,query_only,1,2746317213,0.9324105930935124,0.9463653533433909,0.9270778189518265,74.46476745605469,0.6278302669525146,1QYS,92,results/top7/query_only/sample_1_model.cif,main
top7,query_only,2,2746317213,1.0184799607690322,0.9372305092890092,0.9126521969295924,75.69171142578125,0.6487774848937988,1QYS,92,results/top7/query_only/sample_2_model.cif,main
top7,query_only,3,2746317213,2.2165723067980276,0.8620791436465207,0.8025410269984118,71.91739654541016,0.6034727692604065,1QYS,92,results/top7/query_only/sample_3_model.cif,main
top7,query_only,4,2746317213,1.3841358219805489,0.8832257836919719,0.9006087877183695,75.47270202636719,0.6443386673927307,1QYS,92,results/top7/query_only/sample_4_model.cif,main
top7,query_only,5,2746317213,0.9717930139889858,0.9457928845572053,0.927342509264161,74.50888061523438,0.6277060508728027,1QYS,92,results/top7/query_only/sample_5_model.cif,main
top7,natural_all,1,2746317213,0.9162216148682654,0.9467865375086305,0.9219163578613023,80.58893585205078,0.7236762642860413,1QYS,92,results/top7/natural_all/sample_1_model.cif,main
top7,natural_all,2,2746317213,0.9827009288421744,0.9401802161183123,0.9239015352038116,79.8305435180664,0.7137054800987244,1QYS,92,results/top7/natural_all/sample_2_model.cif,main
top7,natural_all,3,2746317213,1.0494236622089343,0.934161411318427,0.9150344097406036,80.8056640625,0.7257221937179565,1QYS,92,results/top7/natural_all/sample_3_model.cif,main
top7,natural_all,4,2746317213,1.233374575656607,0.9044948551192367,0.9061672842773955,79.02014923095703,0.702940046787262,1QYS,92,results/top7/natural_all/sample_4_model.cif,main
top7,natural_all,5,2746317213,0.9828477937156695,0.943550999329965,0.921254632080466,80.46595764160156,0.7216144800186157,1QYS,92,results/top7/natural_all/sample_5_model.cif,main
top7,natural_50,1,2746317213,0.9258907817304651,0.9475642830197032,0.9213869772366332,74.86688995361328,0.6243042349815369,1QYS,92,results/top7/natural_50/sample_1_model.cif,main
top7,natural_50,2,2746317213,0.9966872713052983,0.9378190447716873,0.9111964002117522,75.73582458496094,0.6455130577087402,1QYS,92,results/top7/natural_50/sample_2_model.cif,main
top7,natural_50,3,2746317213,1.097717454460494,0.9202023551589881,0.9010058231868714,75.09227752685547,0.6324719786643982,1QYS,92,results/top7/natural_50/sample_3_model.cif,main
top7,natural_50,4,2746317213,1.2927770810216699,0.8944226698138319,0.9027263102170461,74.34825134277344,0.6188347339630127,1QYS,92,results/top7/natural_50/sample_4_model.cif,main
top7,natural_50,5,2746317213,1.2611620707763265,0.9050142489984094,0.8885653785071466,75.75151062011719,0.6362303495407104,1QYS,92,results/top7/natural_50/sample_5_model.cif,main
top7,synthetic_40,1,2746317213,1.0734095010811624,0.9249960954302483,0.9085494970884066,75.2307357788086,0.6329862475395203,1QYS,92,results/top7/synthetic_40/sample_1_model.cif,main
top7,synthetic_40,2,2746317213,2.304400970585665,0.8336222476867969,0.8053202752779248,69.39395141601562,0.570137083530426,1QYS,92,results/top7/synthetic_40/sample_2_model.cif,main
top7,synthetic_40,3,2746317213,1.443768722759012,0.8758278644981886,0.8871095817893064,74.7634048461914,0.627800464630127,1QYS,92,results/top7/synthetic_40/sample_3_model.cif,main
top7,synthetic_40,4,2746317213,1.275758545543716,0.8969743191090589,0.9057702488088937,75.0102767944336,0.6315479874610901,1QYS,92,results/top7/synthetic_40/sample_4_model.cif,main
top7,synthetic_40,5,2746317213,1.2409106075418228,0.9058036176841723,0.8845950238221281,72.0936508178711,0.5902193188667297,1QYS,92,results/top7/synthetic_40/sample_5_model.cif,main
top7,synthetic_60,1,2746317213,0.8715094708132173,0.9500457899754495,0.9228427739544733,70.4432373046875,0.6061410307884216,1QYS,92,results/top7/synthetic_60/sample_1_model.cif,main
top7,synthetic_60,2,2746317213,1.0602145142034487,0.9259378555995951,0.9176813128639492,70.72016906738281,0.6088493466377258,1QYS,92,results/top7/synthetic_60/sample_2_model.cif,main
top7,synthetic_60,3,2746317213,1.1105671767906085,0.9209125830369658,0.911990471148756,70.66382598876953,0.6110787391662598,1QYS,92,results/top7/synthetic_60/sample_3_model.cif,main
top7,synthetic_60,4,2746317213,1.0973154022483063,0.9215257238028132,0.9167548967707781,70.22410583496094,0.605634331703186,1QYS,92,results/top7/synthetic_60/sample_4_model.cif,main
top7,synthetic_60,5,2746317213,0.8697843148332681,0.9494835761929096,0.928268925357332,70.6742172241211,0.608889102935791,1QYS,92,results/top7/synthetic_60/sample_5_model.cif,main
acylphosphatase,no_msa,1,2746317213,13.142375548189957,0.5777849004206974,0.39634146341463417,44.72125244140625,0.3226422965526581,1APS,98,results/acylphosphatase/no_msa/sample_1_model.cif,main
acylphosphatase,no_msa,2,2746317213,12.873634106122386,0.5691923845945106,0.3784074605451937,45.71446990966797,0.32967785000801086,1APS,98,results/acylphosphatase/no_msa/sample_2_model.cif,main
acylphosphatase,no_msa,3,2746317213,13.675453636087168,0.5537252549234822,0.36776661884265904,45.53559112548828,0.3330000340938568,1APS,98,results/acylphosphatase/no_msa/sample_3_model.cif,main
acylphosphatase,no_msa,4,2746317213,12.146050508230065,0.573446771308775,0.3925155428024868,45.748268127441406,0.33241066336631775,1APS,98,results/acylphosphatase/no_msa/sample_4_model.cif,main
acylphosphatase,no_msa,5,2746317213,13.363852366912207,0.5946884114367126,0.4105691056910569,44.976402282714844,0.32624751329421997,1APS,98,results/acylphosphatase/no_msa/sample_5_model.cif,main
acylphosphatase,query_only,1,2746317213,13.089597003111777,0.32012417508865804,0.33715925394548063,45.886104583740234,0.2928517460823059,1APS,98,results/acylphosphatase/query_only/sample_1_model.cif,main
acylphosphatase,query_only,2,2746317213,13.094114276468664,0.38577707303140213,0.34481109516977526,45.32929611206055,0.2765805125236511,1APS,98,results/acylphosphatase/query_only/sample_2_model.cif,main
acylphosphatase,query_only,3,2746317213,12.62507547611379,0.3748816464147722,0.352104256336681,44.50326156616211,0.2573429346084595,1APS,98,results/acylphosphatase/query_only/sample_3_model.cif,main
acylphosphatase,query_only,4,2746317213,12.621001490394361,0.3396529699906106,0.3081061692969871,43.907066345214844,0.2540910840034485,1APS,98,results/acylphosphatase/query_only/sample_4_model.cif,main
acylphosphatase,query_only,5,2746317213,12.8305924236491,0.4310196193016892,0.34445241511238645,45.002376556396484,0.2952682077884674,1APS,98,results/acylphosphatase/query_only/sample_5_model.cif,main
acylphosphatase,natural_all,1,2746317213,3.571940347325446,0.7851530197372455,0.7521520803443329,85.69160461425781,0.7767890095710754,1APS,98,results/acylphosphatase/natural_all/sample_1_model.cif,main
acylphosphatase,natural_all,2,2746317213,3.0964433795249877,0.7943015290816321,0.7553802008608321,85.63256072998047,0.7732744812965393,1APS,98,results/acylphosphatase/natural_all/sample_2_model.cif,main
acylphosphatase,natural_all,3,2746317213,3.229745422993155,0.7886854918760807,0.7527498804399808,85.0761489868164,0.767234742641449,1APS,98,results/acylphosphatase/natural_all/sample_3_model.cif,main
acylphosphatase,natural_all,4,2746317213,3.574434895750814,0.7878309552953157,0.7528694404591105,86.18151092529297,0.7845324873924255,1APS,98,results/acylphosphatase/natural_all/sample_4_model.cif,main
acylphosphatase,natural_all,5,2746317213,3.232570380592308,0.7865403825069152,0.753347680535629,85.38155364990234,0.7734606862068176,1APS,98,results/acylphosphatase/natural_all/sample_5_model.cif,main
acylphosphatase,natural_50,1,2746317213,3.370709920857925,0.7927846355072169,0.7483261597321855,85.68925476074219,0.7865256667137146,1APS,98,results/acylphosphatase/natural_50/sample_1_model.cif,main
acylphosphatase,natural_50,2,2746317213,3.231226239392609,0.7934201495409552,0.7550215208034434,86.37284088134766,0.7945780754089355,1APS,98,results/acylphosphatase/natural_50/sample_2_model.cif,main
acylphosphatase,natural_50,3,2746317213,3.2365295894539066,0.7976500642746173,0.7554997608799616,86.68869018554688,0.8027739524841309,1APS,98,results/acylphosphatase/natural_50/sample_3_model.cif,main
acylphosphatase,natural_50,4,2746317213,3.2208073671117226,0.7944146364808006,0.7552606408417026,86.89139556884766,0.8022229671478271,1APS,98,results/acylphosphatase/natural_50/sample_4_model.cif,main
acylphosphatase,natural_50,5,2746317213,3.3669451734391926,0.7906789535121992,0.7525107604017216,87.4215316772461,0.8142021298408508,1APS,98,results/acylphosphatase/natural_50/sample_5_model.cif,main
acylphosphatase,synthetic_40,1,2746317213,3.492845100294652,0.7860439988812427,0.7405547584887613,81.15071105957031,0.736519455909729,1APS,98,results/acylphosphatase/synthetic_40/sample_1_model.cif,main
acylphosphatase,synthetic_40,2,2746317213,3.4647854155183415,0.7958187757923956,0.749402199904352,81.46598052978516,0.7397068738937378,1APS,98,results/acylphosphatase/synthetic_40/sample_2_model.cif,main
acylphosphatase,synthetic_40,3,2746317213,3.420475589251249,0.8025260257655703,0.7550215208034433,81.58841705322266,0.7447690367698669,1APS,98,results/acylphosphatase/synthetic_40/sample_3_model.cif,main
acylphosphatase,synthetic_40,4,2746317213,3.4972555318295573,0.7903735460802412,0.7483261597321855,83.54638671875,0.7705551981925964,1APS,98,results/acylphosphatase/synthetic_40/sample_4_model.cif,main
acylphosphatase,synthetic_40,5,2746317213,3.611635188140997,0.7869614323919777,0.7453371592539454,81.08710479736328,0.7444587349891663,1APS,98,results/acylphosphatase/synthetic_40/sample_5_model.cif,main
acylphosphatase,synthetic_60,1,2746317213,3.5304960597184927,0.7910820587607263,0.7449784791965567,84.66712188720703,0.7735801339149475,1APS,98,results/acylphosphatase/synthetic_60/sample_1_model.cif,main
acylphosphatase,synthetic_60,2,2746317213,3.375359053619654,0.7909561461923754,0.750597800095648,85.28726959228516,0.7832514047622681,1APS,98,results/acylphosphatase/synthetic_60/sample_2_model.cif,main
acylphosphatase,synthetic_60,3,2746317213,3.287665060605125,0.801446298890697,0.7526303204208513,85.83477783203125,0.793397068977356,1APS,98,results/acylphosphatase/synthetic_60/sample_3_model.cif,main
acylphosphatase,synthetic_60,4,2746317213,3.386478294941273,0.7931457288938593,0.7514347202295553,86.15950012207031,0.7969518899917603,1APS,98,results/acylphosphatase/synthetic_60/sample_4_model.cif,main
acylphosphatase,synthetic_60,5,2746317213,3.5290292695647856,0.7862611416291913,0.7485652797704448,86.32723999023438,0.7988396286964417,1APS,98,results/acylphosphatase/synthetic_60/sample_5_model.cif,main
antifreeze,no_msa,1,2746317213,12.096903622760124,0.2705630984605523,0.3327450980392157,48.142269134521484,0.23691685497760773,1MSI,66,results/antifreeze/no_msa/sample_1_model.cif,main
antifreeze,no_msa,2,2746317213,14.268550395719599,0.26153497618556104,0.30352941176470594,52.22406768798828,0.23323091864585876,1MSI,66,results/antifreeze/no_msa/sample_2_model.cif,main
antifreeze,no_msa,3,2746317213,10.141283287650348,0.25145682570421046,0.33784313725490195,49.97481918334961,0.23343978822231293,1MSI,66,results/antifreeze/no_msa/sample_3_model.cif,main
antifreeze,no_msa,4,2746317213,10.43073511474971,0.25462541938692823,0.31784313725490193,51.004547119140625,0.24141401052474976,1MSI,66,results/antifreeze/no_msa/sample_4_model.cif,main
antifreeze,no_msa,5,2746317213,14.116465757498553,0.2318305818411225,0.316078431372549,52.43145751953125,0.23676195740699768,1MSI,66,results/antifreeze/no_msa/sample_5_model.cif,main
antifreeze,query_only,1,2746317213,12.155348872156392,0.2738028564476708,0.3384313725490196,46.27690124511719,0.2380400002002716,1MSI,66,results/antifreeze/query_only/sample_1_model.cif,main
antifreeze,query_only,2,2746317213,14.273300084872496,0.23539327758303963,0.3245098039215686,49.97108459472656,0.23918449878692627,1MSI,66,results/antifreeze/query_only/sample_2_model.cif,main
antifreeze,query_only,3,2746317213,9.876184245593013,0.25703023045394097,0.32999999999999996,48.322269439697266,0.24139444530010223,1MSI,66,results/antifreeze/query_only/sample_3_model.cif,main
antifreeze,query_only,4,2746317213,10.208498248622229,0.22006627688625696,0.34058823529411764,49.3295783996582,0.24789752066135406,1MSI,66,results/antifreeze/query_only/sample_4_model.cif,main
antifreeze,query_only,5,2746317213,14.191274637677509,0.23070785289459675,0.326078431372549,50.16729736328125,0.23883502185344696,1MSI,66,results/antifreeze/query_only/sample_5_model.cif,main
antifreeze,natural_all,1,2746317213,1.2062985447189165,0.9515433407122011,0.963529411764706,83.8926010131836,0.6797890067100525,1MSI,66,results/antifreeze/natural_all/sample_1_model.cif,main
antifreeze,natural_all,2,2746317213,1.1598329426790306,0.9565819891656839,0.9674509803921569,83.243408203125,0.6684303879737854,1MSI,66,results/antifreeze/natural_all/sample_2_model.cif,main
antifreeze,natural_all,3,2746317213,1.1665779323054921,0.9555041047935782,0.967843137254902,84.20906829833984,0.6799079775810242,1MSI,66,results/antifreeze/natural_all/sample_3_model.cif,main
antifreeze,natural_all,4,2746317213,1.1018821974836137,0.9608481583653151,0.970392156862745,83.94586181640625,0.6820015907287598,1MSI,66,results/antifreeze/natural_all/sample_4_model.cif,main
antifreeze,natural_all,5,2746317213,1.0944635020037463,0.9585555596309785,0.9688235294117648,83.38164520263672,0.6583471298217773,1MSI,66,results/antifreeze/natural_all/sample_5_model.cif,main
antifreeze,natural_50,1,2746317213,0.6816344907088792,0.968238217326788,0.978627450980392,87.1324234008789,0.7584622502326965,1MSI,66,results/antifreeze/natural_50/sample_1_model.cif,main
antifreeze,natural_50,2,2746317213,0.6007650473852149,0.9737175402154149,0.9845098039215687,88.01492309570312,0.7683568596839905,1MSI,66,results/antifreeze/natural_50/sample_2_model.cif,main
antifreeze,natural_50,3,2746317213,0.6729154686210498,0.9755746783418172,0.986078431372549,88.62754821777344,0.784951388835907,1MSI,66,results/antifreeze/natural_50/sample_3_model.cif,main
antifreeze,natural_50,4,2746317213,0.6963151970147929,0.9666555935545055,0.9678431372549019,86.07278442382812,0.7348062992095947,1MSI,66,results/antifreeze/natural_50/sample_4_model.cif,main
antifreeze,natural_50,5,2746317213,0.5967805197287649,0.972505012759485,0.9835294117647059,88.982177734375,0.7761243581771851,1MSI,66,results/antifreeze/natural_50/sample_5_model.cif,main
antifreeze,synthetic_40,1,2746317213,4.94672413845065,0.6895487967298192,0.7029411764705883,58.334041595458984,0.3631363809108734,1MSI,66,results/antifreeze/synthetic_40/sample_1_model.cif,main
antifreeze,synthetic_40,2,2746317213,5.34082505543084,0.6893393238308805,0.6888235294117647,58.62741470336914,0.3745371997356415,1MSI,66,results/antifreeze/synthetic_40/sample_2_model.cif,main
antifreeze,synthetic_40,3,2746317213,2.0671133376734154,0.8218968702554628,0.8311764705882353,61.64720153808594,0.40068691968917847,1MSI,66,results/antifreeze/synthetic_40/sample_3_model.cif,main
antifreeze,synthetic_40,4,2746317213,5.080242933486899,0.6834291081553023,0.6858823529411765,60.43743133544922,0.39177846908569336,1MSI,66,results/antifreeze/synthetic_40/sample_4_model.cif,main
antifreeze,synthetic_40,5,2746317213,2.7651158212172864,0.7452051435989954,0.7649019607843137,60.68137741088867,0.39700841903686523,1MSI,66,results/antifreeze/synthetic_40/sample_5_model.cif,main
antifreeze,synthetic_60,1,2746317213,16.902527370565505,0.22839121311933747,0.2180392156862745,65.2503662109375,0.21006929874420166,1MSI,66,results/antifreeze/synthetic_60/sample_1_model.cif,main
antifreeze,synthetic_60,2,2746317213,27.981826644179513,0.17985702151042426,0.19549019607843138,64.78025817871094,0.19451871514320374,1MSI,66,results/antifreeze/synthetic_60/sample_2_model.cif,main
antifreeze,synthetic_60,3,2746317213,25.022924201879075,0.1972065437605758,0.19941176470588234,64.481201171875,0.19379380345344543,1MSI,66,results/antifreeze/synthetic_60/sample_3_model.cif,main
antifreeze,synthetic_60,4,2746317213,26.923316026875984,0.18327281192940995,0.19647058823529412,63.92469787597656,0.1984674334526062,1MSI,66,results/antifreeze/synthetic_60/sample_4_model.cif,main
antifreeze,synthetic_60,5,2746317213,24.976807259183037,0.201229702838262,0.20098039215686275,64.23168182373047,0.19672134518623352,1MSI,66,results/antifreeze/synthetic_60/sample_5_model.cif,main
dhfr,natural_50,1,2746317213,0.5378503492554056,0.9878617197013413,0.9745081740094209,85.58663177490234,0.8106563687324524,1RX2,159,results/dhfr/natural_50/sample_1_model.cif,main
dhfr,natural_50,2,2746317213,0.5716335727829164,0.9866029971585187,0.9738154613466334,85.63890075683594,0.8100252151489258,1RX2,159,results/dhfr/natural_50/sample_2_model.cif,main
dhfr,natural_50,3,2746317213,0.5788536509408907,0.9861208732218564,0.9706289830978111,85.74183654785156,0.8118164539337158,1RX2,159,results/dhfr/natural_50/sample_3_model.cif,main
dhfr,natural_50,4,2746317213,0.5960879314315378,0.9853238298179927,0.9700055417013023,85.8802261352539,0.8136301040649414,1RX2,159,results/dhfr/natural_50/sample_4_model.cif,main
dhfr,natural_50,5,2746317213,0.5425947988456453,0.9879683157342192,0.9745081740094209,86.12469482421875,0.8176181316375732,1RX2,159,results/dhfr/natural_50/sample_5_model.cif,main
dhfr,natural_all,1,2746317213,0.5440487555383913,0.987761811165193,0.9755472430036021,82.80747985839844,0.7821480631828308,1RX2,159,results/dhfr/natural_all/sample_1_model.cif,main
dhfr,natural_all,2,2746317213,0.5426986343265052,0.9879113505257097,0.9758243280687171,82.61121368408203,0.7784331440925598,1RX2,159,results/dhfr/natural_all/sample_2_model.cif,main
dhfr,natural_all,3,2746317213,0.5025644776035153,0.989790119722371,0.9794957051814908,82.68191528320312,0.7795785069465637,1RX2,159,results/dhfr/natural_all/sample_3_model.cif,main
dhfr,natural_all,4,2746317213,0.5208824681506287,0.98905666841015,0.9788029925187032,82.55078887939453,0.7774004936218262,1RX2,159,results/dhfr/natural_all/sample_4_model.cif,main
dhfr,natural_all,5,2746317213,0.5379209359671779,0.9880006844719118,0.9768633970628984,82.59248352050781,0.7783713936805725,1RX2,159,results/dhfr/natural_all/sample_5_model.cif,main
dhfr,no_msa,1,2746317213,12.79665743234262,0.35838613209438835,0.3354114713216958,35.73225021362305,0.25236842036247253,1RX2,159,results/dhfr/no_msa/sample_1_model.cif,main
dhfr,no_msa,2,2746317213,12.609692198557456,0.4376162938001055,0.420961485175949,36.26322555541992,0.2663578391075134,1RX2,159,results/dhfr/no_msa/sample_2_model.cif,main
dhfr,no_msa,3,2746317213,16.675498252198683,0.3924191547038823,0.28373510667775004,34.658634185791016,0.2375069111585617,1RX2,159,results/dhfr/no_msa/sample_3_model.cif,main
dhfr,no_msa,4,2746317213,12.747910459237232,0.41998217134907856,0.3592407869215849,34.608516693115234,0.24488909542560577,1RX2,159,results/dhfr/no_msa/sample_4_model.cif,main
dhfr,no_msa,5,2746317213,13.75352273184571,0.395913886994725,0.3468412302576891,35.59824752807617,0.2589995563030243,1RX2,159,results/dhfr/no_msa/sample_5_model.cif,main
dhfr,exploratory_constrained_50,1,2746317213,0.9385757514752905,0.9668875747998127,0.9378636741479633,84.42536163330078,0.8016131520271301,1RX2,159,results/dhfr/exploratory_constrained_50/sample_1_model.cif,exploratory
dhfr,exploratory_constrained_50,2,2746317213,0.8197096663122523,0.9737242267503203,0.949501246882793,84.76313018798828,0.8088849186897278,1RX2,159,results/dhfr/exploratory_constrained_50/sample_2_model.cif,exploratory
dhfr,exploratory_constrained_50,3,2746317213,0.9845727675671315,0.9631506971720298,0.9388334718758659,85.02360534667969,0.8148881196975708,1RX2,159,results/dhfr/exploratory_constrained_50/sample_3_model.cif,exploratory
dhfr,exploratory_constrained_50,4,2746317213,0.9755072414159782,0.9638421228215692,0.9425741202549183,84.47228240966797,0.8095499873161316,1RX2,159,results/dhfr/exploratory_constrained_50/sample_4_model.cif,exploratory
dhfr,exploratory_constrained_50,5,2746317213,0.8547054656533637,0.9708638985393693,0.9402188972014409,84.96394348144531,0.8120054602622986,1RX2,159,results/dhfr/exploratory_constrained_50/sample_5_model.cif,exploratory
thioredoxin,natural_50,1,2746317213,0.5041017578052455,0.9842450852654919,0.9737903225806451,90.92504119873047,0.8866959810256958,2TRX,108,results/thioredoxin/natural_50/sample_1_model.cif,main
thioredoxin,natural_50,2,2746317213,0.615348855286946,0.9808395646839614,0.9678480475382003,90.83243560791016,0.8847207427024841,2TRX,108,results/thioredoxin/natural_50/sample_2_model.cif,main
thioredoxin,natural_50,3,2746317213,0.9458887041140707,0.9763819270873442,0.9580857385398981,90.29407501220703,0.880319356918335,2TRX,108,results/thioredoxin/natural_50/sample_3_model.cif,main
thioredoxin,natural_50,4,2746317213,0.49882571916894203,0.9844263053325139,0.9738964346349746,90.96151733398438,0.8875678777694702,2TRX,108,results/thioredoxin/natural_50/sample_4_model.cif,main
thioredoxin,natural_50,5,2746317213,0.5049912211703521,0.9841715026768966,0.9741086587436333,91.08809661865234,0.8892724514007568,2TRX,108,results/thioredoxin/natural_50/sample_5_model.cif,main
thioredoxin,natural_all,1,2746317213,0.5128619791576162,0.9838772875172451,0.9708191850594228,90.05277252197266,0.8704085350036621,2TRX,108,results/thioredoxin/natural_all/sample_1_model.cif,main
thioredoxin,natural_all,2,2746317213,0.8568470933992084,0.9804317603926462,0.9682724957555178,89.2847900390625,0.8622584939002991,2TRX,108,results/thioredoxin/natural_all/sample_2_model.cif,main
thioredoxin,natural_all,3,2746317213,0.5246161282922371,0.9828509625450687,0.9716680814940577,89.85179901123047,0.8681228160858154,2TRX,108,results/thioredoxin/natural_all/sample_3_model.cif,main
thioredoxin,natural_all,4,2746317213,0.5042139166537501,0.9841616435097083,0.9735780984719864,89.95270538330078,0.8684163689613342,2TRX,108,results/thioredoxin/natural_all/sample_4_model.cif,main
thioredoxin,natural_all,5,2746317213,0.5265970646425752,0.9828728901181802,0.9703947368421053,90.08441162109375,0.8696385622024536,2TRX,108,results/thioredoxin/natural_all/sample_5_model.cif,main
thioredoxin,no_msa,1,2746317213,2.881168207925346,0.817576000435776,0.759125636672326,63.00490188598633,0.5527026057243347,2TRX,108,results/thioredoxin/no_msa/sample_1_model.cif,main
thioredoxin,no_msa,2,2746317213,2.927494497347952,0.8135105932510733,0.7669779286926995,62.97257614135742,0.5584834218025208,2TRX,108,results/thioredoxin/no_msa/sample_2_model.cif,main
thioredoxin,no_msa,3,2746317213,2.683210761885061,0.829628651188879,0.7810908319185059,63.400665283203125,0.5554168820381165,2TRX,108,results/thioredoxin/no_msa/sample_3_model.cif,main
thioredoxin,no_msa,4,2746317213,2.7601625290980927,0.8291673670720372,0.7707979626485568,64.89685821533203,0.5776146650314331,2TRX,108,results/thioredoxin/no_msa/sample_4_model.cif,main
thioredoxin,no_msa,5,2746317213,2.5021096951462005,0.8298104147687141,0.7766341256366723,64.14958190917969,0.5645738244056702,2TRX,108,results/thioredoxin/no_msa/sample_5_model.cif,main
thioredoxin,exploratory_constrained_50,1,2746317213,0.5366993487544085,0.9823210787182766,0.9703947368421052,90.7435302734375,0.8842713832855225,2TRX,108,results/thioredoxin/exploratory_constrained_50/sample_1_model.cif,exploratory
thioredoxin,exploratory_constrained_50,2,2746317213,0.7467199380129064,0.9777048615274585,0.9622241086587436,90.36773681640625,0.8807622194290161,2TRX,108,results/thioredoxin/exploratory_constrained_50/sample_2_model.cif,exploratory
thioredoxin,exploratory_constrained_50,3,2746317213,0.8546148722182662,0.9762143884125621,0.9582979626485568,90.84251403808594,0.8877326846122742,2TRX,108,results/thioredoxin/exploratory_constrained_50/sample_3_model.cif,exploratory
thioredoxin,exploratory_constrained_50,4,2746317213,0.5290281435195161,0.9826284600332571,0.9717741935483871,90.63369750976562,0.8828166127204895,2TRX,108,results/thioredoxin/exploratory_constrained_50/sample_4_model.cif,exploratory
thioredoxin,exploratory_constrained_50,5,2746317213,0.8938280058621446,0.9805531458438898,0.9720925297113752,90.16974639892578,0.8796851634979248,2TRX,108,results/thioredoxin/exploratory_constrained_50/sample_5_model.cif,exploratory
cyclophilin,natural_50,1,2746317213,1.6207046773598324,0.959473890079504,0.9282160625444208,89.03736114501953,0.8731371164321899,1CWA,165,results/cyclophilin/natural_50/sample_1_model.cif,main
cyclophilin,natural_50,2,2746317213,1.631924857060614,0.9586263026697672,0.9280383795309168,89.63391876220703,0.8837162852287292,1CWA,165,results/cyclophilin/natural_50/sample_2_model.cif,main
cyclophilin,natural_50,3,2746317213,1.628133796426501,0.9592059862176685,0.9297559819947879,89.62592315673828,0.8830849528312683,1CWA,165,results/cyclophilin/natural_50/sample_3_model.cif,main
cyclophilin,natural_50,4,2746317213,1.6235835475980127,0.9576380335196488,0.9273276474769012,89.323486328125,0.879965603351593,1CWA,165,results/cyclophilin/natural_50/sample_4_model.cif,main
cyclophilin,natural_50,5,2746317213,1.6062678731394324,0.9591855357004544,0.9310589907604834,89.51815032958984,0.8811801075935364,1CWA,165,results/cyclophilin/natural_50/sample_5_model.cif,main
cyclophilin,natural_all,1,2746317213,0.3562449619840902,0.9949121823522598,0.9937810945273632,93.5087661743164,0.9216336607933044,1CWA,165,results/cyclophilin/natural_all/sample_1_model.cif,main
cyclophilin,natural_all,2,2746317213,0.33057847758786546,0.9957983199034712,0.9942549158967069,93.55711364746094,0.9221897721290588,1CWA,165,results/cyclophilin/natural_all/sample_2_model.cif,main
cyclophilin,natural_all,3,2746317213,0.352294322957338,0.9952763966858963,0.9938403221985311,93.42284393310547,0.9202755093574524,1CWA,165,results/cyclophilin/natural_all/sample_3_model.cif,main
cyclophilin,natural_all,4,2746317213,0.3377266934143105,0.9955566474480487,0.9943733712390429,93.29512023925781,0.918343722820282,1CWA,165,results/cyclophilin/natural_all/sample_4_model.cif,main
cyclophilin,natural_all,5,2746317213,0.34661247392585276,0.995355862478408,0.9930111348021795,93.30581665039062,0.9184522032737732,1CWA,165,results/cyclophilin/natural_all/sample_5_model.cif,main
cyclophilin,no_msa,1,2746317213,16.766110571037288,0.31490788896747,0.24259654110400378,33.16654586791992,0.20420053601264954,1CWA,165,results/cyclophilin/no_msa/sample_1_model.cif,main
cyclophilin,no_msa,2,2746317213,16.508873396458682,0.30649430870486666,0.24016820658611704,33.0280876159668,0.2124626189470291,1CWA,165,results/cyclophilin/no_msa/sample_2_model.cif,main
cyclophilin,no_msa,3,2746317213,17.916170527033255,0.3221808721815823,0.25965411040037906,34.25251007080078,0.2159399837255478,1CWA,165,results/cyclophilin/no_msa/sample_3_model.cif,main
cyclophilin,no_msa,4,2746317213,17.55397052493062,0.32480420642187097,0.2703743188817816,33.7762336730957,0.2130490094423294,1CWA,165,results/cyclophilin/no_msa/sample_4_model.cif,main
cyclophilin,no_msa,5,2746317213,15.778605526522517,0.31644562217701755,0.28701729447998103,33.81260299682617,0.2132350504398346,1CWA,165,results/cyclophilin/no_msa/sample_5_model.cif,main
cyclophilin,exploratory_constrained_50,1,2746317213,15.916309680125952,0.32525365675661083,0.24076048329779673,34.83718490600586,0.21809211373329163,1CWA,165,results/cyclophilin/exploratory_constrained_50/sample_1_model.cif,exploratory
cyclophilin,exploratory_constrained_50,2,2746317213,16.21540205133705,0.34543344110356383,0.25082918739635157,34.98978042602539,0.19834190607070923,1CWA,165,results/cyclophilin/exploratory_constrained_50/sample_2_model.cif,exploratory
cyclophilin,exploratory_constrained_50,3,2746317213,16.389014145423815,0.3055340997756039,0.2584103293058517,34.97172546386719,0.21942462027072906,1CWA,165,results/cyclophilin/exploratory_constrained_50/sample_3_model.cif,exploratory
cyclophilin,exploratory_constrained_50,4,2746317213,18.560387652032222,0.30005980342809807,0.24934849561715233,34.988075256347656,0.21911835670471191,1CWA,165,results/cyclophilin/exploratory_constrained_50/sample_4_model.cif,exploratory
cyclophilin,exploratory_constrained_50,5,2746317213,17.020500983168684,0.3491764607152078,0.2562189054726368,35.44330596923828,0.22143390774726868,1CWA,165,results/cyclophilin/exploratory_constrained_50/sample_5_model.cif,exploratory
dhfr,synthetic_40,1,2746317213,1.6286658081898069,0.9342716087977292,0.8643668606262123,79.84510803222656,0.7782868146896362,1RX2,159,results/dhfr/synthetic_40/sample_1_model.cif,main
dhfr,synthetic_40,2,2746317213,1.6245529670128183,0.926914670066616,0.870739817123857,81.21288299560547,0.7910622954368591,1RX2,159,results/dhfr/synthetic_40/sample_2_model.cif,main
dhfr,synthetic_40,3,2746317213,1.8324607331766944,0.9276482912982383,0.8588944305901911,80.51956939697266,0.7873671054840088,1RX2,159,results/dhfr/synthetic_40/sample_3_model.cif,main
dhfr,synthetic_40,4,2746317213,1.5849496358541781,0.9388076926560235,0.8733721252424494,81.05169677734375,0.7918509244918823,1RX2,159,results/dhfr/synthetic_40/sample_4_model.cif,main
dhfr,synthetic_40,5,2746317213,1.5788377970887193,0.937784550938005,0.8760737046273205,80.77320861816406,0.7904964685440063,1RX2,159,results/dhfr/synthetic_40/sample_5_model.cif,main
thioredoxin,synthetic_40,1,2746317213,1.331395210788538,0.9299910977798517,0.8845500848896435,86.25691223144531,0.8367167115211487,2TRX,108,results/thioredoxin/synthetic_40/sample_1_model.cif,main
thioredoxin,synthetic_40,2,2746317213,1.5090984739626103,0.9276068629585014,0.8882640067911716,85.04672241210938,0.8263636827468872,2TRX,108,results/thioredoxin/synthetic_40/sample_2_model.cif,main
thioredoxin,synthetic_40,3,2746317213,1.4021430080013733,0.92769668679668,0.8834889643463498,86.95340728759766,0.8488522171974182,2TRX,108,results/thioredoxin/synthetic_40/sample_3_model.cif,main
thioredoxin,synthetic_40,4,2746317213,1.3667471976125776,0.9337203795191668,0.8959040747028862,85.14009857177734,0.829749584197998,2TRX,108,results/thioredoxin/synthetic_40/sample_4_model.cif,main
thioredoxin,synthetic_40,5,2746317213,1.4273643433326497,0.933616675741543,0.8970713073005093,84.91517639160156,0.8246222734451294,2TRX,108,results/thioredoxin/synthetic_40/sample_5_model.cif,main
cyclophilin,synthetic_40,1,2746317213,13.892433292109528,0.35421456336232887,0.3110045013030088,32.385337829589844,0.23798353970050812,1CWA,165,results/cyclophilin/synthetic_40/sample_1_model.cif,main
cyclophilin,synthetic_40,2,2746317213,12.750222650743156,0.47372579807721354,0.3021795782989813,34.45811462402344,0.2573447525501251,1CWA,165,results/cyclophilin/synthetic_40/sample_2_model.cif,main
cyclophilin,synthetic_40,3,2746317213,11.517281607364042,0.45939957504230283,0.3058516939113954,35.4701042175293,0.2908836603164673,1CWA,165,results/cyclophilin/synthetic_40/sample_3_model.cif,main
cyclophilin,synthetic_40,4,2746317213,11.904021630173387,0.44995602431440707,0.3322672352523099,34.0391960144043,0.25152966380119324,1CWA,165,results/cyclophilin/synthetic_40/sample_4_model.cif,main
cyclophilin,synthetic_40,5,2746317213,16.467693122719727,0.32647728945890125,0.24881544657664062,31.885482788085938,0.22984272241592407,1CWA,165,results/cyclophilin/synthetic_40/sample_5_model.cif,main
dhfr,synthetic_40_n250,1,2746317213,0.9337944474638142,0.9677173238043946,0.9273344416735938,79.1895980834961,0.7274008989334106,1RX2,159,results/dhfr/synthetic_40_n250/sample_1_model.cif,depth_extension
dhfr,synthetic_40_n250,2,2746317213,0.9580004498077139,0.9643254707290776,0.9285813244666112,78.10704803466797,0.7112795114517212,1RX2,159,results/dhfr/synthetic_40_n250/sample_2_model.cif,depth_extension
dhfr,synthetic_40_n250,3,2746317213,0.9562790651288686,0.9640328528584127,0.9145885286783042,78.86813354492188,0.7297701835632324,1RX2,159,results/dhfr/synthetic_40_n250/sample_3_model.cif,depth_extension
dhfr,synthetic_40_n250,4,2746317213,0.8219743922140044,0.973847902362467,0.9307980049875313,78.74617767333984,0.7263676524162292,1RX2,159,results/dhfr/synthetic_40_n250/sample_4_model.cif,depth_extension
dhfr,synthetic_40_n250,5,2746317213,0.9794745485685556,0.9624261439167979,0.9186755333887504,79.52172088623047,0.735292911529541,1RX2,159,results/dhfr/synthetic_40_n250/sample_5_model.cif,depth_extension
thioredoxin,synthetic_40_n250,1,2746317213,0.8175305042924991,0.9646197685084319,0.9342105263157895,89.1255111694336,0.8673304915428162,2TRX,108,results/thioredoxin/synthetic_40_n250/sample_1_model.cif,depth_extension
thioredoxin,synthetic_40_n250,2,2746317213,0.7944609803833619,0.9748497642077089,0.9574490662139219,88.91753387451172,0.8649260401725769,2TRX,108,results/thioredoxin/synthetic_40_n250/sample_2_model.cif,depth_extension
thioredoxin,synthetic_40_n250,3,2746317213,1.0596147210193068,0.9599957096816423,0.9278438030560272,88.54114532470703,0.8598456382751465,2TRX,108,results/thioredoxin/synthetic_40_n250/sample_3_model.cif,depth_extension
thioredoxin,synthetic_40_n250,4,2746317213,0.793817075782829,0.9662402016924212,0.940365025466893,88.38578033447266,0.8572571873664856,2TRX,108,results/thioredoxin/synthetic_40_n250/sample_4_model.cif,depth_extension
thioredoxin,synthetic_40_n250,5,2746317213,0.9137446105895054,0.9771549614942127,0.9638157894736842,88.80206298828125,0.8658232688903809,2TRX,108,results/thioredoxin/synthetic_40_n250/sample_5_model.cif,depth_extension
cyclophilin,synthetic_40_n250,1,2746317213,15.377230982776139,0.3812286276733659,0.2914593698175788,34.50598907470703,0.2665671706199646,1CWA,165,results/cyclophilin/synthetic_40_n250/sample_1_model.cif,depth_extension
cyclophilin,synthetic_40_n250,2,2746317213,13.984355763558934,0.35299030552689664,0.2997512437810945,34.570194244384766,0.2625357210636139,1CWA,165,results/cyclophilin/synthetic_40_n250/sample_2_model.cif,depth_extension
cyclophilin,synthetic_40_n250,3,2746317213,12.130234461997443,0.4322442282762691,0.31130063965884863,35.86565399169922,0.29294270277023315,1CWA,165,results/cyclophilin/synthetic_40_n250/sample_3_model.cif,depth_extension
cyclophilin,synthetic_40_n250,4,2746317213,15.11540664125657,0.35911820196761707,0.3170457237621417,34.323707580566406,0.27055656909942627,1CWA,165,results/cyclophilin/synthetic_40_n250/sample_4_model.cif,depth_extension
cyclophilin,synthetic_40_n250,5,2746317213,14.851765071139488,0.4797731788033698,0.30229803364131724,35.05531692504883,0.2708350121974945,1CWA,165,results/cyclophilin/synthetic_40_n250/sample_5_model.cif,depth_extension
cyclophilin,synthetic_60,1,2746317213,12.90480568292286,0.4916456959771979,0.36632314617389244,42.04156494140625,0.344008207321167,1CWA,165,results/cyclophilin/synthetic_60/sample_1_model.cif,main
cyclophilin,synthetic_60,2,2746317213,13.233168893261134,0.4890054592869085,0.37887941246150203,42.13080978393555,0.35453420877456665,1CWA,165,results/cyclophilin/synthetic_60/sample_2_model.cif,main
cyclophilin,synthetic_60,3,2746317213,12.616909600475342,0.4816259215824861,0.3680407486377636,43.929840087890625,0.3687407374382019,1CWA,165,results/cyclophilin/synthetic_60/sample_3_model.cif,main
cyclophilin,synthetic_60,4,2746317213,12.63928542871531,0.49286494194548985,0.3624141198768065,41.030792236328125,0.3386467695236206,1CWA,165,results/cyclophilin/synthetic_60/sample_4_model.cif,main
cyclophilin,synthetic_60,5,2746317213,12.940750863019732,0.4718871083554622,0.3657308694622128,43.14067077636719,0.3647104799747467,1CWA,165,results/cyclophilin/synthetic_60/sample_5_model.cif,main
