protein,arm,category,samples,ca_rmsd,tm_score,ca_lddt,avg_plddt,ptm
ubiquitin,no_msa,main,5,1.8072349518866548,0.9394416456809822,0.8696680790960452,70.77526397705078,0.5972305297851562
ubiquitin,query_only,main,5,1.0065440382743571,0.9580284482739654,0.9740466101694916,78.70940399169922,0.6692909002304077
ubiquitin,natural_all,main,5,1.295150253540903,0.953581270560047,0.9784957627118643,79.82981872558594,0.6715892314910888
ubiquitin,natural_50,main,5,1.0389649170998743,0.9584344501901422,0.9745056497175142,79.00259399414062,0.6734310030937195
ubiquitin,synthetic_40,main,5,0.9952992323355774,0.9590035523091988,0.974505649717514,78.95590057373047,0.6799957394599915
ubiquitin,synthetic_60,main,5,1.0428087542586078,0.9614256912186496,0.9763771186440678,79.80968170166015,0.6899791955947876
myoglobin,no_msa,main,5,13.627566182995427,0.3434611173978217,0.4074543311726576,44.76334991455078,0.28024784922599794
myoglobin,query_only,main,5,14.01632710484308,0.42419400242276273,0.4417648791985857,41.9462158203125,0.24677356481552123
myoglobin,natural_all,main,5,0.7926094767308584,0.9760095868940157,0.9369328226281673,91.2655517578125,0.8910918354988098
myoglobin,natural_50,main,5,0.757844378089977,0.9782928071174686,0.9441367118444314,91.07899017333985,0.8886984348297119
myoglobin,synthetic_40,main,5,0.9617429296217551,0.9616472894135253,0.9291396582203889,86.33950347900391,0.828047776222229
myoglobin,synthetic_60,main,5,0.7779442418016445,0.9769754584846501,0.9386269888037713,86.83989105224609,0.8249855399131775
lysozyme,no_msa,main,5,15.413699487186392,0.3110590901307712,0.2822155488822155,31.913168334960936,0.16091101467609406
lysozyme,query_only,main,5,13.85814438983086,0.34055778468520376,0.3643643643643643,37.20248565673828,0.2092255473136902
lysozyme,natural_all,main,5,0.5065960445580507,0.9861246057342617,0.9603770437103771,93.07244262695312,0.9081664323806763
lysozyme,natural_50,main,5,0.5207857002660001,0.9855053000211624,0.9604270937604271,93.01166076660157,0.9080162763595581
lysozyme,synthetic_40,main,5,7.573740049540416,0.6603693232153987,0.6180013346680013,63.43968124389649,0.6004954099655151
lysozyme,synthetic_60,main,5,7.443158422525229,0.7295884713359739,0.6806473139806474,69.7845474243164,0.6900988936424255
ci2,no_msa,main,5,8.682464604873385,0.4838252320369166,0.44493127147766326,49.19569854736328,0.3238550007343292
ci2,query_only,main,5,6.610720148040867,0.500444681720431,0.49312714776632305,52.92036590576172,0.37499781250953673
ci2,natural_all,main,5,0.4763901107133794,0.9732064047441809,0.9847508591065293,80.57047882080079,0.6321508646011352
ci2,natural_50,main,5,0.5988037990401954,0.970378917021977,0.9820876288659793,81.57083129882812,0.6565059781074524
ci2,synthetic_40,main,5,0.714248672165681,0.9594382435432237,0.9572164948453608,76.63288879394531,0.604436457157135
ci2,synthetic_60,main,5,0.6375304123875163,0.9608780037476183,0.9779209621993127,77.54874114990234,0.6033841729164123
top7,no_msa,main,5,1.056510796786533,0.9315113119550752,0.9168872419269455,80.25850067138671,0.7200149774551392
top7,query_only,main,5,1.3046783393260215,0.9149387349056196,0.8940444679724722,74.41109161376953,0.6304250478744506
top7,natural_all,main,5,1.03291371505833,0.9338348038789143,0.9176548438327157,80.14225006103516,0.7175316929817199
top7,natural_50,main,5,1.114846931858851,0.921004520352524,0.9049761778718899,75.15895080566406,0.6314708709716796
top7,synthetic_40,main,5,1.4676496695022756,0.8874448288816931,0.878268925357332,73.29840393066407,0.6105382204055786
top7,synthetic_60,main,5,1.0018781757777697,0.9335811057215466,0.9195076760190577,70.54511108398438,0.6081185102462768
acylphosphatase,no_msa,main,5,13.040273233108357,0.5737675445368356,0.38912003825920616,45.33919677734375,0.3287956714630127
acylphosphatase,query_only,main,5,12.85207613394754,0.37029109676542643,0.3373266379722621,44.925621032714844,0.27522689700126646
acylphosphatase,natural_all,main,5,3.341026885237342,0.7885022756994379,0.753299856527977,85.59267578125,0.7750582814216613
acylphosphatase,natural_50,main,5,3.2852436580510713,0.7937896878631578,0.7533237685318029,86.6127426147461,0.8000605583190918
acylphosphatase,synthetic_40,main,5,3.4973993650069595,0.7923447557822855,0.7477283596365375,81.76772003173828,0.7472018599510193
acylphosphatase,synthetic_60,main,5,3.4218055476898663,0.7925782748733698,0.7496413199426112,85.65518188476562,0.7892040252685547
antifreeze,no_msa,main,5,12.210787635675667,0.25400218031567495,0.3216078431372549,50.75543212890625,0.23635270595550537
antifreeze,query_only,main,5,12.140921217784328,0.24340009885310102,0.331921568627451,48.8134262084961,0.24107029736042024
antifreeze,natural_all,main,5,1.1458110238381598,0.9566066305335514,0.9676078431372549,83.73451690673828,0.6736952185630798
antifreeze,natural_50,main,5,0.6496821446917403,0.9713382084396021,0.9801176470588235,87.76597137451172,0.7645402312278747
antifreeze,synthetic_40,main,5,4.040004257251818,0.7258838485140919,0.7347450980392157,59.94549331665039,0.38542947769165037
antifreeze,synthetic_60,main,5,24.36148030053662,0.1979914586316019,0.202078431372549,64.5336410522461,0.19871411919593812
dhfr,natural_50,main,5,0.5654040606512792,0.9867755471267856,0.9726932668329178,85.7944580078125,0.8127492547035218
dhfr,natural_all,main,5,0.5296230543172437,0.9885041268590671,0.9773067331670824,82.64877624511719,0.7791863203048706
dhfr,no_msa,main,5,13.71665621483634,0.400863527788436,0.34923801607093374,35.37217483520508,0.25202436447143556
dhfr,exploratory_constrained_50,exploratory,5,0.9146141784848032,0.9676937040166204,0.9417982820725962,84.7296646118164,0.8093883275985718
thioredoxin,natural_50,main,5,0.6138312515091113,0.9820128770092417,0.9695458404074703,90.82023315429687,0.8857152819633484
thioredoxin,natural_all,main,5,0.5850272364290774,0.9828389088165697,0.970946519524618,89.84529571533203,0.8677689552307128
thioredoxin,no_msa,main,5,2.7508291382805306,0.8239386053432959,0.7709252971137521,63.68491668701172,0.561758279800415
thioredoxin,exploratory_constrained_50,exploratory,5,0.7121780616734483,0.9798843869070888,0.9669567062818336,90.55144500732422,0.8830536127090454
cyclophilin,natural_50,main,5,1.6221229503168781,0.9588259496374085,0.928879412461502,89.42776794433594,0.8802168130874634
cyclophilin,natural_all,main,5,0.3446913859738913,0.9953798817736168,0.9938521677327647,93.41793212890624,0.9201789736747742
cyclophilin,no_msa,main,5,16.904746109196473,0.3169665796905615,0.2599620942904525,33.60719604492188,0.2117774397134781
cyclophilin,exploratory_constrained_50,exploratory,5,16.820322902417544,0.3250914923558169,0.2511134802179578,35.046014404296876,0.2152821809053421
dhfr,synthetic_40,main,5,1.6498933882644433,0.9330853627513223,0.8686893876420061,80.6804931640625,0.7878127217292785
thioredoxin,synthetic_40,main,5,1.40734964673955,0.9305263405591486,0.8898556876061121,85.66246337890625,0.8332608938217163
cyclophilin,synthetic_40,main,5,13.306330460621968,0.41275465005103074,0.30002369106846716,33.647647094726565,0.25351686775684357
dhfr,synthetic_40_n250,depth_extension,5,0.9299045806365914,0.9664699387342299,0.9239955666389582,78.88653564453125,0.726022231578827
thioredoxin,synthetic_40_n250,depth_extension,5,0.8758335784135005,0.9685720811168833,0.9447368421052632,88.75440673828125,0.8630365252494812
cyclophilin,synthetic_40_n250,depth_extension,5,14.291798584145713,0.4010709084495037,0.3043710021321962,34.86417236328125,0.2726874351501465
cyclophilin,synthetic_60,main,5,12.866984093678875,0.48540582542950894,0.3682776593224355,42.454735565185544,0.35412808060646056
